{
  "version": "0.4",
  "title": "Red Rocket About Page",
  "type": "page",
  "content": [
    {
      "id": "about-hero",
      "elType": "section",
      "settings": {
        "layout": "full_width",
        "padding": {"unit": "px", "top": "100", "right": "20", "bottom": "100", "left": "20", "isLinked": false},
        "background_background": "gradient",
        "background_color": "#1E1666",
        "background_color_b": "#2A1F7A"
      },
      "elements": [
        {
          "id": "hero-col",
          "elType": "column",
          "settings": {"_column_size": 100},
          "elements": [
            {
              "id": "hero-heading",
              "elType": "widget",
              "settings": {
                "title": "About Red Rocket Digital",
                "header_size": "h1",
                "align": "center",
                "title_color": "#FFFFFF",
                "typography_font_family": "Poppins",
                "typography_font_size": {"unit": "px", "size": 48},
                "typography_font_weight": "600"
              },
              "widgetType": "heading"
            },
            {
              "id": "hero-subtitle",
              "elType": "widget",
              "settings": {
                "editor": "<p style=\"text-align: center;\">A digital marketing agency with a difference</p>",
                "text_color": "rgba(255,255,255,0.8)",
                "typography_font_size": {"unit": "px", "size": 18}
              },
              "widgetType": "text-editor"
            }
          ]
        }
      ]
    },
    {
      "id": "story-section",
      "elType": "section",
      "settings": {
        "layout": "boxed",
        "content_width": {"unit": "px", "size": 1140},
        "padding": {"unit": "px", "top": "100", "right": "20", "bottom": "80", "left": "20", "isLinked": false}
      },
      "elements": [
        {
          "id": "story-col-img",
          "elType": "column",
          "settings": {"_column_size": 50, "_inline_size": 50},
          "elements": [
            {
              "id": "story-image",
              "elType": "widget",
              "settings": {
                "image": {"url": "", "id": ""},
                "_element_custom_css": ".elementor-image img { border-radius: 10px; box-shadow: 0 20px 60px rgba(0,0,0,0.15); }"
              },
              "widgetType": "image"
            }
          ]
        },
        {
          "id": "story-col-text",
          "elType": "column",
          "settings": {"_column_size": 50, "_inline_size": 50, "padding": {"unit": "px", "top": "0", "right": "0", "bottom": "0", "left": "50", "isLinked": false}},
          "elements": [
            {
              "id": "story-title",
              "elType": "widget",
              "settings": {
                "title": "Our Story",
                "header_size": "h2",
                "title_color": "#1E1666",
                "typography_font_family": "Poppins",
                "typography_font_size": {"unit": "px", "size": 36},
                "typography_font_weight": "600"
              },
              "widgetType": "heading"
            },
            {
              "id": "story-desc",
              "elType": "widget",
              "settings": {
                "editor": "<p>Red Rocket Digital was founded with a simple mission: to help businesses of all sizes succeed in the digital world. Based in Ipswich, Suffolk, we've grown from a small web design agency into a full-service digital marketing powerhouse.</p><p>Our team of dedicated professionals brings together decades of combined experience in web design, SEO, paid advertising, and social media marketing. We're passionate about what we do and committed to delivering results that exceed expectations.</p><p>What sets us apart is our personalised approach. We take the time to understand your business, your goals, and your target audience before crafting a tailored strategy that drives real results.</p>",
                "text_color": "#6A7C92",
                "typography_font_size": {"unit": "px", "size": 15},
                "typography_line_height": {"unit": "px", "size": 28},
                "_margin": {"unit": "px", "top": "20", "right": "0", "bottom": "0", "left": "0", "isLinked": false}
              },
              "widgetType": "text-editor"
            }
          ]
        }
      ]
    },
    {
      "id": "values-section",
      "elType": "section",
      "settings": {
        "layout": "boxed",
        "content_width": {"unit": "px", "size": 1140},
        "padding": {"unit": "px", "top": "80", "right": "20", "bottom": "80", "left": "20", "isLinked": false},
        "background_background": "classic",
        "background_color": "#F8F9FA"
      },
      "elements": [
        {
          "id": "values-header",
          "elType": "column",
          "settings": {"_column_size": 100},
          "elements": [
            {
              "id": "values-title",
              "elType": "widget",
              "settings": {
                "title": "Our Values",
                "header_size": "h2",
                "align": "center",
                "title_color": "#1E1666",
                "typography_font_family": "Poppins",
                "typography_font_size": {"unit": "px", "size": 36},
                "typography_font_weight": "600",
                "_margin": {"unit": "px", "top": "0", "right": "0", "bottom": "50", "left": "0", "isLinked": false}
              },
              "widgetType": "heading"
            }
          ]
        }
      ]
    },
    {
      "id": "values-cards",
      "elType": "section",
      "settings": {
        "layout": "boxed",
        "content_width": {"unit": "px", "size": 1140},
        "padding": {"unit": "px", "top": "0", "right": "20", "bottom": "80", "left": "20", "isLinked": false},
        "background_background": "classic",
        "background_color": "#F8F9FA"
      },
      "elements": [
        {
          "id": "value-col-1",
          "elType": "column",
          "settings": {
            "_column_size": 33,
            "background_background": "classic",
            "background_color": "#FFFFFF",
            "border_radius": {"unit": "px", "top": "10", "right": "10", "bottom": "10", "left": "10", "isLinked": true},
            "box_shadow_box_shadow_type": "yes",
            "box_shadow_box_shadow": {"horizontal": 0, "vertical": 10, "blur": 30, "spread": 0, "color": "rgba(0,0,0,0.08)"},
            "padding": {"unit": "px", "top": "40", "right": "30", "bottom": "40", "left": "30", "isLinked": false},
            "margin": {"unit": "px", "top": "0", "right": "15", "bottom": "0", "left": "15", "isLinked": false}
          },
          "elements": [
            {
              "id": "val-icon-1",
              "elType": "widget",
              "settings": {
                "selected_icon": {"value": "fas fa-handshake", "library": "fa-solid"},
                "align": "center",
                "primary_color": "#EC5D49",
                "icon_size": {"unit": "px", "size": 50}
              },
              "widgetType": "icon"
            },
            {
              "id": "val-title-1",
              "elType": "widget",
              "settings": {
                "title": "Integrity",
                "header_size": "h3",
                "align": "center",
                "title_color": "#1E1666",
                "typography_font_size": {"unit": "px", "size": 22},
                "typography_font_weight": "600",
                "_margin": {"unit": "px", "top": "20", "right": "0", "bottom": "10", "left": "0", "isLinked": false}
              },
              "widgetType": "heading"
            },
            {
              "id": "val-desc-1",
              "elType": "widget",
              "settings": {
                "editor": "<p style=\"text-align: center;\">We believe in honest, transparent relationships with our clients. No hidden fees, no empty promises.</p>",
                "text_color": "#6A7C92",
                "typography_font_size": {"unit": "px", "size": 15}
              },
              "widgetType": "text-editor"
            }
          ]
        },
        {
          "id": "value-col-2",
          "elType": "column",
          "settings": {
            "_column_size": 33,
            "background_background": "classic",
            "background_color": "#FFFFFF",
            "border_radius": {"unit": "px", "top": "10", "right": "10", "bottom": "10", "left": "10", "isLinked": true},
            "box_shadow_box_shadow_type": "yes",
            "box_shadow_box_shadow": {"horizontal": 0, "vertical": 10, "blur": 30, "spread": 0, "color": "rgba(0,0,0,0.08)"},
            "padding": {"unit": "px", "top": "40", "right": "30", "bottom": "40", "left": "30", "isLinked": false},
            "margin": {"unit": "px", "top": "0", "right": "15", "bottom": "0", "left": "15", "isLinked": false}
          },
          "elements": [
            {
              "id": "val-icon-2",
              "elType": "widget",
              "settings": {
                "selected_icon": {"value": "fas fa-chart-line", "library": "fa-solid"},
                "align": "center",
                "primary_color": "#16A3BD",
                "icon_size": {"unit": "px", "size": 50}
              },
              "widgetType": "icon"
            },
            {
              "id": "val-title-2",
              "elType": "widget",
              "settings": {
                "title": "Results-Driven",
                "header_size": "h3",
                "align": "center",
                "title_color": "#1E1666",
                "typography_font_size": {"unit": "px", "size": 22},
                "typography_font_weight": "600",
                "_margin": {"unit": "px", "top": "20", "right": "0", "bottom": "10", "left": "0", "isLinked": false}
              },
              "widgetType": "heading"
            },
            {
              "id": "val-desc-2",
              "elType": "widget",
              "settings": {
                "editor": "<p style=\"text-align: center;\">Everything we do is focused on delivering measurable results that impact your bottom line.</p>",
                "text_color": "#6A7C92",
                "typography_font_size": {"unit": "px", "size": 15}
              },
              "widgetType": "text-editor"
            }
          ]
        },
        {
          "id": "value-col-3",
          "elType": "column",
          "settings": {
            "_column_size": 33,
            "background_background": "classic",
            "background_color": "#FFFFFF",
            "border_radius": {"unit": "px", "top": "10", "right": "10", "bottom": "10", "left": "10", "isLinked": true},
            "box_shadow_box_shadow_type": "yes",
            "box_shadow_box_shadow": {"horizontal": 0, "vertical": 10, "blur": 30, "spread": 0, "color": "rgba(0,0,0,0.08)"},
            "padding": {"unit": "px", "top": "40", "right": "30", "bottom": "40", "left": "30", "isLinked": false},
            "margin": {"unit": "px", "top": "0", "right": "15", "bottom": "0", "left": "15", "isLinked": false}
          },
          "elements": [
            {
              "id": "val-icon-3",
              "elType": "widget",
              "settings": {
                "selected_icon": {"value": "fas fa-lightbulb", "library": "fa-solid"},
                "align": "center",
                "primary_color": "#FFA526",
                "icon_size": {"unit": "px", "size": 50}
              },
              "widgetType": "icon"
            },
            {
              "id": "val-title-3",
              "elType": "widget",
              "settings": {
                "title": "Innovation",
                "header_size": "h3",
                "align": "center",
                "title_color": "#1E1666",
                "typography_font_size": {"unit": "px", "size": 22},
                "typography_font_weight": "600",
                "_margin": {"unit": "px", "top": "20", "right": "0", "bottom": "10", "left": "0", "isLinked": false}
              },
              "widgetType": "heading"
            },
            {
              "id": "val-desc-3",
              "elType": "widget",
              "settings": {
                "editor": "<p style=\"text-align: center;\">We stay ahead of industry trends and continuously evolve our strategies and techniques.</p>",
                "text_color": "#6A7C92",
                "typography_font_size": {"unit": "px", "size": 15}
              },
              "widgetType": "text-editor"
            }
          ]
        }
      ]
    },
    {
      "id": "location-section",
      "elType": "section",
      "settings": {
        "layout": "boxed",
        "content_width": {"unit": "px", "size": 1140},
        "padding": {"unit": "px", "top": "80", "right": "20", "bottom": "80", "left": "20", "isLinked": false}
      },
      "elements": [
        {
          "id": "loc-col-text",
          "elType": "column",
          "settings": {"_column_size": 50, "_inline_size": 50, "padding": {"unit": "px", "top": "0", "right": "50", "bottom": "0", "left": "0", "isLinked": false}},
          "elements": [
            {
              "id": "loc-title",
              "elType": "widget",
              "settings": {
                "title": "Based in Ipswich, Suffolk",
                "header_size": "h2",
                "title_color": "#1E1666",
                "typography_font_family": "Poppins",
                "typography_font_size": {"unit": "px", "size": 36},
                "typography_font_weight": "600"
              },
              "widgetType": "heading"
            },
            {
              "id": "loc-desc",
              "elType": "widget",
              "settings": {
                "editor": "<p>Our headquarters is located in the heart of Ipswich, but we work with clients across the UK and beyond. Whether you're a local business looking to dominate your market or a national brand seeking digital growth, we're here to help.</p><p><strong>Address:</strong><br>Epsilon House, West Road<br>Ransomes Euro Park<br>Ipswich, Suffolk IP3 9FJ</p><p><strong>Email:</strong> design@redrocket.digital</p>",
                "text_color": "#6A7C92",
                "typography_font_size": {"unit": "px", "size": 15},
                "typography_line_height": {"unit": "px", "size": 28},
                "_margin": {"unit": "px", "top": "20", "right": "0", "bottom": "25", "left": "0", "isLinked": false}
              },
              "widgetType": "text-editor"
            },
            {
              "id": "loc-btn",
              "elType": "widget",
              "settings": {
                "text": "Get Directions",
                "link": {"url": "https://maps.google.com", "is_external": true},
                "background_color": "#FF6C26",
                "button_background_hover_color": "#FFA526",
                "border_radius": {"unit": "px", "top": "5", "right": "5", "bottom": "5", "left": "5", "isLinked": true},
                "button_text_padding": {"unit": "px", "top": "12", "right": "30", "bottom": "12", "left": "30", "isLinked": false}
              },
              "widgetType": "button"
            }
          ]
        },
        {
          "id": "loc-col-map",
          "elType": "column",
          "settings": {"_column_size": 50, "_inline_size": 50},
          "elements": [
            {
              "id": "loc-map",
              "elType": "widget",
              "settings": {
                "address": "Ransomes Euro Park, Ipswich, Suffolk IP3 9FJ",
                "zoom": {"unit": "px", "size": 14},
                "height": {"unit": "px", "size": 400}
              },
              "widgetType": "google_maps"
            }
          ]
        }
      ]
    },
    {
      "id": "cta-section",
      "elType": "section",
      "settings": {
        "layout": "full_width",
        "content_width": {"unit": "px", "size": 900},
        "padding": {"unit": "px", "top": "80", "right": "20", "bottom": "80", "left": "20", "isLinked": false},
        "background_background": "classic",
        "background_color": "#1E1666"
      },
      "elements": [
        {
          "id": "cta-col",
          "elType": "column",
          "settings": {"_column_size": 100},
          "elements": [
            {
              "id": "cta-title",
              "elType": "widget",
              "settings": {
                "title": "Ready to Work Together?",
                "header_size": "h2",
                "align": "center",
                "title_color": "#FFFFFF",
                "typography_font_family": "Poppins",
                "typography_font_size": {"unit": "px", "size": 36},
                "typography_font_weight": "600"
              },
              "widgetType": "heading"
            },
            {
              "id": "cta-text",
              "elType": "widget",
              "settings": {
                "editor": "<p style=\"text-align: center;\">Let's discuss how we can help your business grow online.</p>",
                "text_color": "rgba(255,255,255,0.8)",
                "typography_font_size": {"unit": "px", "size": 18},
                "_margin": {"unit": "px", "top": "15", "right": "50", "bottom": "25", "left": "50", "isLinked": false}
              },
              "widgetType": "text-editor"
            },
            {
              "id": "cta-btn",
              "elType": "widget",
              "settings": {
                "text": "Contact Us",
                "link": {"url": "/contact-us/"},
                "align": "center",
                "background_color": "#FF6C26",
                "button_background_hover_color": "#FFA526",
                "border_radius": {"unit": "px", "top": "5", "right": "5", "bottom": "5", "left": "5", "isLinked": true},
                "button_text_padding": {"unit": "px", "top": "14", "right": "40", "bottom": "14", "left": "40", "isLinked": false}
              },
              "widgetType": "button"
            }
          ]
        }
      ]
    }
  ],
  "page_settings": {"template": "elementor_canvas"}
}
